{"train_loss": [15.9000244140625, 94.04606628417969, 156.55941772460938, 96.38172912597656, 131.7550506591797, 29.60665512084961, 70.7548828125, 83.60450744628906, 67.71953582763672, 56.593048095703125, 26.129751205444336, 35.54315948486328, 45.281673431396484, 45.748897552490234, 57.27659225463867, 35.80989074707031, 13.418206214904785, 17.082658767700195, 26.6083984375, 18.86335563659668, 10.569395065307617, 6.499612331390381, 7.398044109344482, 14.42638874053955, 5.621036529541016, 5.841391563415527, 8.0863037109375, 12.091733932495117, 9.11373233795166, 0.0, 0.34165164828300476, 5.619606971740723, 0.26970335841178894, 1.2457749843597412, 2.4993484020233154, 2.550382375717163, 3.5090208053588867, 1.2476773262023926, 5.539015546673909e-06, 0.0, 1.3709568977355957, 2.291306495666504, 3.4978809356689453, 2.000192165374756, 4.304081916809082, 0.18465717136859894, 0.0, 3.725290076417309e-09, 0.0, 0.0, 2.831207837061811e-07, 5.051206244388595e-06, 2.080233573913574, 4.775457455252763e-06, 1.0072834491729736, 1.4469220638275146, 2.7854878902435303, 0.0, 0.0001642147544771433, 0.0, 0.0, 0.0, 0.0, 0.0, 0.0, 0.0, 3.468927025096491e-05, 0.6917123794555664, 0.0, 0.0, 0.0, 0.0, 0.0, 0.0, 0.0, 7.4505797087454084e-09, 0.0, 0.0, 0.0, 0.0, 0.0, 0.0, 0.0, 3.725288166833707e-08, 0.0, 0.0, 0.0, 0.0, 0.0, 0.0, 0.0, 0.0, 8.195627998475175e-08, 0.0, 0.0, 0.0, 0.0, 0.0, 0.0, 0.0, 0.0, 0.0, 0.0, 0.0, 1.1920906217710581e-07, 0.0, 0.0, 0.0, 0.0, 0.0, 0.0, 0.0, 0.0, 0.0, 1.3411018073838932e-07, 0.0, 0.0, 0.0, 0.0, 0.0, 0.0, 0.0, 0.0, 1.341101665275346e-07, 0.0, 0.0, 0.0, 3.725290076417309e-09, 0.0, 0.0, 3.725290076417309e-09, 1.378354426151418e-07, 0.0, 0.0, 0.0, 0.0, 0.0, 0.0, 0.0, 0.0, 0.0, 0.0, 0.0, 0.0, 0.0, 0.0, 0.0, 1.378354426151418e-07, 3.725290076417309e-09, 0.0, 0.0, 0.0, 0.0, 1.378354426151418e-07, 0.0, 3.725290076417309e-09, 0.0, 0.0, 0.0, 0.0, 0.0, 0.0, 0.0, 3.725290076417309e-09, 1.378354426151418e-07, 0.0, 0.0, 0.0, 0.0, 0.0, 0.0, 0.0, 0.0, 0.0, 0.0, 0.0, 0.0, 3.725290076417309e-09, 1.378354426151418e-07, 0.0, 0.0, 0.0, 3.725290076417309e-09, 1.378354426151418e-07, 0.0, 0.0, 0.0, 0.0, 0.0, 0.0, 0.0, 0.0, 0.0, 0.0, 0.0, 0.0, 1.378354426151418e-07, 0.0, 3.725290076417309e-09, 0.0], "train_acc": [0.34375, 0.3125, 0.21875, 0.375, 0.125, 0.59375, 0.40625, 0.25, 0.46875, 0.0, 0.75, 0.59375, 0.5, 0.53125, 0.53125, 0.5625, 0.75, 0.6875, 0.78125, 0.3333333432674408, 0.78125, 0.90625, 0.875, 0.84375, 0.90625, 0.90625, 0.875, 0.8125, 0.8125, 1.0, 0.96875, 0.9375, 0.96875, 0.9375, 0.875, 0.9375, 0.90625, 0.96875, 1.0, 1.0, 0.90625, 0.96875, 0.90625, 0.9375, 0.90625, 0.96875, 1.0, 1.0, 1.0, 1.0, 1.0, 1.0, 0.96875, 1.0, 0.96875, 0.9375, 0.9375, 1.0, 1.0, 1.0, 1.0, 1.0, 1.0, 1.0, 1.0, 1.0, 1.0, 0.96875, 1.0, 1.0, 1.0, 1.0, 1.0, 1.0, 1.0, 1.0, 1.0, 1.0, 1.0, 1.0, 1.0, 1.0, 1.0, 1.0, 1.0, 1.0, 1.0, 1.0, 1.0, 1.0, 1.0, 1.0, 1.0, 1.0, 1.0, 1.0, 1.0, 1.0, 1.0, 1.0, 1.0, 1.0, 1.0, 1.0, 1.0, 1.0, 1.0, 1.0, 1.0, 1.0, 1.0, 1.0, 1.0, 1.0, 1.0, 1.0, 1.0, 1.0, 1.0, 1.0, 1.0, 1.0, 1.0, 1.0, 1.0, 1.0, 1.0, 1.0, 1.0, 1.0, 1.0, 1.0, 1.0, 1.0, 1.0, 1.0, 1.0, 1.0, 1.0, 1.0, 1.0, 1.0, 1.0, 1.0, 1.0, 1.0, 1.0, 1.0, 1.0, 1.0, 1.0, 1.0, 1.0, 1.0, 1.0, 1.0, 1.0, 1.0, 1.0, 1.0, 1.0, 1.0, 1.0, 1.0, 1.0, 1.0, 1.0, 1.0, 1.0, 1.0, 1.0, 1.0, 1.0, 1.0, 1.0, 1.0, 1.0, 1.0, 1.0, 1.0, 1.0, 1.0, 1.0, 1.0, 1.0, 1.0, 1.0, 1.0, 1.0, 1.0, 1.0, 1.0, 1.0, 1.0, 1.0, 1.0, 1.0, 1.0, 1.0, 1.0], "test_acc": [0.34246575832366943, 0.2602739632129669, 0.3561643958091736, 0.301369845867157, 0.4794520437717438, 0.31506848335266113, 0.3287671208381653, 0.4109588861465454, 0.42465752363204956, 0.4383561611175537, 0.5616438388824463, 0.5616438388824463, 0.534246563911438, 0.4794520437717438, 0.5205479264259338, 0.5479452013969421, 0.5890411138534546, 0.5479452013969421, 0.5479452013969421, 0.534246563911438, 0.602739691734314, 0.602739691734314, 0.6164383292198181, 0.602739691734314, 0.5753424763679504, 0.602739691734314, 0.5890411138534546, 0.5890411138534546, 0.602739691734314, 0.5616438388824463, 0.5479452013969421, 0.5753424763679504, 0.5753424763679504, 0.5616438388824463, 0.5205479264259338, 0.534246563911438, 0.5616438388824463, 0.5890411138534546, 0.5753424763679504, 0.5479452013969421, 0.534246563911438, 0.534246563911438, 0.5205479264259338, 0.5068492889404297, 0.534246563911438, 0.5616438388824463, 0.5890411138534546, 0.5890411138534546, 0.5890411138534546, 0.5616438388824463, 0.5068492889404297, 0.4931506812572479, 0.5068492889404297, 0.5068492889404297, 0.5068492889404297, 0.5205479264259338, 0.534246563911438, 0.5205479264259338, 0.534246563911438, 0.5753424763679504, 0.5616438388824463, 0.5753424763679504, 0.5616438388824463, 0.5479452013969421, 0.5616438388824463, 0.5753424763679504, 0.5753424763679504, 0.5753424763679504, 0.602739691734314, 0.602739691734314, 0.5753424763679504, 0.5753424763679504, 0.5753424763679504, 0.5753424763679504, 0.5753424763679504, 0.5753424763679504, 0.5753424763679504, 0.5753424763679504, 0.5616438388824463, 0.5753424763679504, 0.5753424763679504, 0.5753424763679504, 0.5753424763679504, 0.5616438388824463, 0.5616438388824463, 0.5616438388824463, 0.5616438388824463, 0.5616438388824463, 0.5616438388824463, 0.5616438388824463, 0.5616438388824463, 0.5616438388824463, 0.5616438388824463, 0.5616438388824463, 0.5616438388824463, 0.5616438388824463, 0.5616438388824463, 0.5616438388824463, 0.5616438388824463, 0.5616438388824463, 0.5616438388824463, 0.5616438388824463, 0.5616438388824463, 0.5616438388824463, 0.5616438388824463, 0.5616438388824463, 0.5616438388824463, 0.5616438388824463, 0.5616438388824463, 0.5616438388824463, 0.5616438388824463, 0.5616438388824463, 0.5616438388824463, 0.5616438388824463, 0.5616438388824463, 0.5616438388824463, 0.5616438388824463, 0.5616438388824463, 0.5616438388824463, 0.5616438388824463, 0.5616438388824463, 0.5616438388824463, 0.5616438388824463, 0.5616438388824463, 0.5616438388824463, 0.5616438388824463, 0.5616438388824463, 0.5616438388824463, 0.5616438388824463, 0.5616438388824463, 0.5616438388824463, 0.5616438388824463, 0.5616438388824463, 0.5616438388824463, 0.5616438388824463, 0.5616438388824463, 0.5616438388824463, 0.5616438388824463, 0.5616438388824463, 0.5616438388824463, 0.5616438388824463, 0.5616438388824463, 0.5616438388824463, 0.5616438388824463, 0.5616438388824463, 0.5616438388824463, 0.5616438388824463, 0.5616438388824463, 0.5616438388824463, 0.5616438388824463, 0.5616438388824463, 0.5616438388824463, 0.5616438388824463, 0.5616438388824463, 0.5616438388824463, 0.5616438388824463, 0.5616438388824463, 0.5616438388824463, 0.5616438388824463, 0.5616438388824463, 0.5616438388824463, 0.5616438388824463, 0.5616438388824463, 0.5616438388824463, 0.5616438388824463, 0.5616438388824463, 0.5616438388824463, 0.5616438388824463, 0.5616438388824463, 0.5616438388824463, 0.5616438388824463, 0.5616438388824463, 0.5616438388824463, 0.5616438388824463, 0.5616438388824463, 0.5616438388824463, 0.5616438388824463, 0.5616438388824463, 0.5616438388824463, 0.5616438388824463, 0.5616438388824463, 0.5616438388824463, 0.5616438388824463, 0.5616438388824463, 0.5616438388824463, 0.5616438388824463, 0.5616438388824463, 0.5616438388824463, 0.5616438388824463, 0.5616438388824463, 0.5616438388824463, 0.5616438388824463, 0.5616438388824463, 0.5616438388824463, 0.5616438388824463, 0.5616438388824463, 0.5616438388824463, 0.5616438388824463, 0.5616438388824463, 0.5616438388824463], "true": [1, 2, 0, 3, 0, 0, 3, 1, 3, 1, 3, 2, 0, 3, 1, 0, 1, 2, 2, 2, 0, 3, 1, 1, 2, 2, 1, 3, 3, 2, 1, 1, 3, 0, 3, 1, 1, 3, 1, 3, 3, 3, 1, 0, 1, 3, 2, 1, 3, 0, 2, 3, 2, 0, 3, 3, 3, 0, 3, 3, 3, 0, 1, 3, 0, 0, 2, 2, 2, 3, 2, 0, 1], "predictions": [0, 2, 0, 3, 0, 1, 0, 1, 2, 1, 3, 2, 0, 2, 3, 0, 2, 1, 0, 2, 0, 3, 2, 1, 2, 2, 2, 1, 1, 3, 1, 0, 3, 2, 3, 1, 0, 1, 2, 1, 3, 3, 3, 2, 1, 3, 0, 1, 3, 0, 0, 3, 1, 0, 3, 3, 3, 2, 3, 3, 3, 0, 2, 0, 0, 0, 1, 2, 2, 2, 1, 1, 1]}