{"train_loss": [18.358659744262695, 151.20594787597656, 187.400634765625, 155.06365966796875, 148.509033203125, 89.24940490722656, 102.47359466552734, 120.37983703613281, 100.06295013427734, 120.0979232788086, 63.57973098754883, 48.087589263916016, 49.03690719604492, 57.29085159301758, 41.16434097290039, 22.896648406982422, 24.728084564208984, 36.81416702270508, 26.90898895263672, 0.0, 35.698631286621094, 18.258272171020508, 20.269296646118164, 10.652811050415039, 5.409238815307617, 9.141575813293457, 12.294495582580566, 18.92180633544922, 10.567272186279297, 0.0, 3.9470725059509277, 2.127511501312256, 6.967236042022705, 11.832233428955078, 0.10988885164260864, 3.971820116043091, 9.856114387512207, 0.0, 0.0, 0.0, 9.797744132811204e-05, 2.695175886154175, 1.221472144126892, 0.1337708979845047, 2.440189838409424, 0.0, 0.34011518955230713, 0.0, 0.0, 0.0, 0.0, 0.0, 1.7277860641479492, 0.03243790566921234, 0.10257274657487869, 0.6037873029708862, 0.0, 0.0, 1.6843292713165283, 0.0, 0.0, 0.0, 0.0, 0.0, 0.0, 0.0, 0.002337892772629857, 0.0, 0.0, 0.0, 0.0, 0.0, 0.22828534245491028, 0.0, 0.0, 0.0, 0.0, 3.725290076417309e-09, 0.006009031552821398, 0.0, 0.0, 0.0, 0.0, 0.0, 0.0, 0.0, 0.0, 0.0, 0.0, 0.0, 0.0, 0.0, 0.0, 0.0, 0.0, 0.0, 0.0, 0.0, 0.0, 0.0, 0.0, 0.0, 0.0, 0.0, 0.0, 0.0, 0.0, 0.0, 0.0, 0.0, 0.0, 0.0, 0.0, 0.0, 0.0, 0.0, 0.0, 0.0, 0.0, 0.0, 0.0, 0.0, 0.0, 0.0, 0.0, 0.0, 0.0, 0.0, 0.0, 0.0, 0.0, 0.0, 0.0, 0.0, 0.0, 0.0, 0.0, 0.0, 0.0, 0.0, 0.0, 0.0, 0.0, 0.0, 0.0, 0.0, 0.0, 0.0, 0.0, 0.0, 0.0, 0.0, 0.0, 0.0, 0.0, 0.0, 0.0, 0.0, 0.0, 0.0, 0.0, 0.0, 0.0, 0.0, 0.0, 0.0, 0.0, 0.0, 0.0, 0.0, 0.0, 0.0, 0.0, 0.0, 0.0, 0.0, 0.0, 0.0, 0.0, 0.0, 0.0, 0.0, 0.0, 0.0, 0.0, 0.0, 0.0, 0.0, 0.0, 0.0, 0.0, 0.0, 0.0, 0.0, 0.0, 0.0, 0.0, 0.0, 0.0, 0.0], "train_acc": [0.15625, 0.21875, 0.28125, 0.3125, 0.25, 0.28125, 0.28125, 0.21875, 0.46875, 0.3333333432674408, 0.46875, 0.4375, 0.53125, 0.46875, 0.53125, 0.6875, 0.65625, 0.59375, 0.6875, 1.0, 0.5625, 0.8125, 0.65625, 0.875, 0.90625, 0.78125, 0.71875, 0.65625, 0.8125, 1.0, 0.875, 0.90625, 0.875, 0.875, 0.96875, 0.84375, 0.84375, 1.0, 1.0, 1.0, 1.0, 0.875, 0.84375, 0.96875, 0.9375, 1.0, 0.96875, 1.0, 1.0, 1.0, 1.0, 1.0, 0.96875, 0.96875, 0.96875, 0.9375, 1.0, 1.0, 0.96875, 1.0, 1.0, 1.0, 1.0, 1.0, 1.0, 1.0, 1.0, 1.0, 1.0, 1.0, 1.0, 1.0, 0.96875, 1.0, 1.0, 1.0, 1.0, 1.0, 1.0, 1.0, 1.0, 1.0, 1.0, 1.0, 1.0, 1.0, 1.0, 1.0, 1.0, 1.0, 1.0, 1.0, 1.0, 1.0, 1.0, 1.0, 1.0, 1.0, 1.0, 1.0, 1.0, 1.0, 1.0, 1.0, 1.0, 1.0, 1.0, 1.0, 1.0, 1.0, 1.0, 1.0, 1.0, 1.0, 1.0, 1.0, 1.0, 1.0, 1.0, 1.0, 1.0, 1.0, 1.0, 1.0, 1.0, 1.0, 1.0, 1.0, 1.0, 1.0, 1.0, 1.0, 1.0, 1.0, 1.0, 1.0, 1.0, 1.0, 1.0, 1.0, 1.0, 1.0, 1.0, 1.0, 1.0, 1.0, 1.0, 1.0, 1.0, 1.0, 1.0, 1.0, 1.0, 1.0, 1.0, 1.0, 1.0, 1.0, 1.0, 1.0, 1.0, 1.0, 1.0, 1.0, 1.0, 1.0, 1.0, 1.0, 1.0, 1.0, 1.0, 1.0, 1.0, 1.0, 1.0, 1.0, 1.0, 1.0, 1.0, 1.0, 1.0, 1.0, 1.0, 1.0, 1.0, 1.0, 1.0, 1.0, 1.0, 1.0, 1.0, 1.0, 1.0, 1.0, 1.0, 1.0, 1.0, 1.0, 1.0, 1.0], "test_acc": [0.24657534062862396, 0.24657534062862396, 0.2876712381839752, 0.24657534062862396, 0.301369845867157, 0.2602739632129669, 0.27397260069847107, 0.3287671208381653, 0.31506848335266113, 0.31506848335266113, 0.27397260069847107, 0.3287671208381653, 0.3561643958091736, 0.34246575832366943, 0.34246575832366943, 0.39726027846336365, 0.4109588861465454, 0.45205479860305786, 0.45205479860305786, 0.4109588861465454, 0.42465752363204956, 0.42465752363204956, 0.4109588861465454, 0.4109588861465454, 0.4383561611175537, 0.42465752363204956, 0.4109588861465454, 0.42465752363204956, 0.4383561611175537, 0.4794520437717438, 0.4109588861465454, 0.4109588861465454, 0.4383561611175537, 0.465753436088562, 0.45205479860305786, 0.4794520437717438, 0.4931506812572479, 0.4931506812572479, 0.5068492889404297, 0.5205479264259338, 0.42465752363204956, 0.39726027846336365, 0.45205479860305786, 0.4931506812572479, 0.5205479264259338, 0.5479452013969421, 0.5616438388824463, 0.5616438388824463, 0.5205479264259338, 0.534246563911438, 0.5479452013969421, 0.5479452013969421, 0.5479452013969421, 0.5479452013969421, 0.534246563911438, 0.534246563911438, 0.534246563911438, 0.5205479264259338, 0.5205479264259338, 0.5205479264259338, 0.5205479264259338, 0.534246563911438, 0.534246563911438, 0.534246563911438, 0.5205479264259338, 0.5068492889404297, 0.5068492889404297, 0.5068492889404297, 0.5068492889404297, 0.5068492889404297, 0.5068492889404297, 0.5068492889404297, 0.5068492889404297, 0.5068492889404297, 0.5068492889404297, 0.5068492889404297, 0.5068492889404297, 0.5068492889404297, 0.5068492889404297, 0.5068492889404297, 0.5068492889404297, 0.5068492889404297, 0.4931506812572479, 0.4931506812572479, 0.4931506812572479, 0.4931506812572479, 0.4931506812572479, 0.4931506812572479, 0.4931506812572479, 0.4931506812572479, 0.4931506812572479, 0.4931506812572479, 0.4931506812572479, 0.4931506812572479, 0.4931506812572479, 0.4931506812572479, 0.4931506812572479, 0.4931506812572479, 0.4931506812572479, 0.4931506812572479, 0.4931506812572479, 0.5068492889404297, 0.5068492889404297, 0.5205479264259338, 0.5205479264259338, 0.5205479264259338, 0.5205479264259338, 0.5205479264259338, 0.5205479264259338, 0.5205479264259338, 0.5205479264259338, 0.5205479264259338, 0.5205479264259338, 0.5205479264259338, 0.5205479264259338, 0.5205479264259338, 0.5205479264259338, 0.5205479264259338, 0.5205479264259338, 0.5205479264259338, 0.5205479264259338, 0.5205479264259338, 0.5205479264259338, 0.5205479264259338, 0.5205479264259338, 0.5205479264259338, 0.5205479264259338, 0.5205479264259338, 0.5205479264259338, 0.5205479264259338, 0.5205479264259338, 0.5205479264259338, 0.5205479264259338, 0.5205479264259338, 0.5205479264259338, 0.5205479264259338, 0.5205479264259338, 0.5205479264259338, 0.5205479264259338, 0.5205479264259338, 0.5205479264259338, 0.5205479264259338, 0.5205479264259338, 0.5205479264259338, 0.5205479264259338, 0.5205479264259338, 0.5205479264259338, 0.5205479264259338, 0.5205479264259338, 0.5205479264259338, 0.5205479264259338, 0.5205479264259338, 0.5205479264259338, 0.5205479264259338, 0.5205479264259338, 0.5205479264259338, 0.5205479264259338, 0.5205479264259338, 0.5205479264259338, 0.5205479264259338, 0.5205479264259338, 0.5205479264259338, 0.5205479264259338, 0.5205479264259338, 0.5205479264259338, 0.5205479264259338, 0.5205479264259338, 0.5205479264259338, 0.5205479264259338, 0.5205479264259338, 0.5205479264259338, 0.5205479264259338, 0.5205479264259338, 0.5205479264259338, 0.5205479264259338, 0.5205479264259338, 0.5205479264259338, 0.5205479264259338, 0.5205479264259338, 0.5205479264259338, 0.5205479264259338, 0.5205479264259338, 0.5205479264259338, 0.5205479264259338, 0.5205479264259338, 0.5205479264259338, 0.5205479264259338, 0.5205479264259338, 0.5205479264259338, 0.5205479264259338, 0.5205479264259338, 0.5205479264259338, 0.5205479264259338, 0.5205479264259338, 0.5205479264259338, 0.5205479264259338, 0.5205479264259338, 0.5205479264259338, 0.5205479264259338, 0.5205479264259338], "true": [2, 3, 0, 1, 1, 1, 2, 2, 2, 2, 1, 2, 2, 2, 0, 2, 3, 2, 3, 2, 3, 0, 1, 3, 2, 1, 0, 1, 0, 0, 0, 2, 2, 2, 2, 0, 0, 1, 3, 0, 2, 3, 1, 2, 1, 3, 0, 1, 2, 2, 1, 1, 1, 2, 2, 1, 2, 0, 3, 2, 3, 1, 3, 3, 3, 2, 3, 1, 1, 1, 0, 0, 2], "predictions": [2, 0, 1, 1, 1, 0, 3, 3, 3, 3, 3, 3, 2, 3, 0, 2, 3, 2, 1, 2, 3, 2, 3, 2, 3, 1, 0, 0, 0, 0, 0, 1, 3, 2, 2, 1, 0, 3, 1, 0, 2, 2, 1, 3, 2, 3, 0, 1, 2, 2, 1, 0, 0, 0, 1, 1, 3, 0, 2, 2, 3, 1, 3, 1, 1, 0, 1, 2, 1, 1, 0, 0, 2]}