{"train_loss": [16.743703842163086, 149.9640350341797, 124.33586120605469, 108.52671813964844, 57.98953628540039, 55.92296600341797, 69.38872528076172, 94.03274536132812, 68.57088470458984, 51.32073211669922, 22.861576080322266, 27.7714900970459, 64.01905059814453, 39.843746185302734, 16.432083129882812, 3.57405948638916, 12.170694351196289, 14.57353401184082, 28.23453140258789, 11.562952995300293, 12.502928733825684, 13.537281036376953, 17.80832290649414, 35.35641098022461, 15.054234504699707, 25.3902587890625, 14.991397857666016, 12.123265266418457, 9.224056243896484, 0.0, 33.176631927490234, 35.517478942871094, 20.25734519958496, 12.546318054199219, 4.957298755645752, 0.920357346534729, 6.452383041381836, 10.06934928894043, 13.43348503112793, 4.081865310668945, 14.019454956054688, 16.786602020263672, 11.131296157836914, 4.577664375305176, 3.3750338554382324, 0.13485342264175415, 0.0, 2.7754673957824707, 1.1294951438903809, 0.0, 6.155112266540527, 3.9908080101013184, 7.673070430755615, 23.344078063964844, 3.203623056411743, 1.832284927368164, 2.785646915435791, 1.1730461120605469, 0.13100013136863708, 8.174802780151367, 3.352759492258883e-08, 4.0584716796875, 0.5236256718635559, 4.326505661010742, 0.0, 4.979338645935059, 0.00012198552576592192, 3.9217610359191895, 4.1832208808045834e-06, 0.0, 4.887304385192692e-06, 0.3320738673210144, 0.025940336287021637, 0.0, 0.0, 0.0, 0.0, 3.833206937997602e-05, 0.28527551889419556, 0.0, 1.274023361474974e-06, 0.0, 0.0002796394401229918, 0.0, 0.0, 0.0, 0.0, 8.754309419600759e-07, 0.0, 0.0, 0.0, 0.0, 0.0, 0.0, 0.0, 0.0, 0.0, 0.2936151325702667, 0.3420425057411194, 0.0, 1.7932126866071485e-05, 0.0, 0.0, 4.8428734800154416e-08, 0.0, 0.0, 0.0, 0.0, 0.0, 0.0, 0.0, 0.0, 0.18780578672885895, 0.0, 0.0, 0.0, 0.0, 0.012505738995969296, 0.0, 0.0, 0.0, 0.0, 0.0, 0.0, 0.0, 0.0, 0.0, 0.0, 0.0, 0.0, 0.0, 0.0, 0.0, 0.0, 0.0, 0.0, 0.0, 0.0, 0.0, 0.0, 0.0, 0.0, 0.0, 0.0, 0.0, 0.0, 0.0, 0.0, 0.0, 0.0, 0.0, 0.0, 0.0, 0.0, 0.0, 0.0, 0.0, 0.0, 0.0, 0.0, 0.0, 0.0, 0.0, 0.0, 0.0, 0.0, 0.0, 0.0, 0.0, 0.0, 0.0, 0.0, 0.0, 0.0, 0.0, 0.0, 0.0, 0.0, 0.0, 0.0, 0.0, 0.0, 0.0, 0.0, 0.0, 0.0, 0.0, 0.0, 0.0, 0.0, 0.0, 0.0, 0.0, 0.0, 0.0, 0.0, 0.0, 0.0, 0.0, 0.0], "train_acc": [0.1875, 0.3125, 0.40625, 0.21875, 0.375, 0.34375, 0.3125, 0.25, 0.34375, 0.25, 0.6875, 0.65625, 0.40625, 0.5625, 0.65625, 0.875, 0.75, 0.84375, 0.625, 0.5, 0.84375, 0.8125, 0.71875, 0.625, 0.8125, 0.71875, 0.6875, 0.875, 0.84375, 1.0, 0.65625, 0.65625, 0.625, 0.78125, 0.9375, 0.9375, 0.90625, 0.875, 0.78125, 0.75, 0.8125, 0.71875, 0.78125, 0.875, 0.9375, 0.96875, 1.0, 0.96875, 0.96875, 1.0, 0.84375, 0.9375, 0.875, 0.78125, 0.9375, 0.96875, 0.9375, 0.96875, 0.96875, 0.75, 1.0, 0.90625, 0.96875, 0.9375, 1.0, 0.90625, 1.0, 0.9375, 1.0, 1.0, 1.0, 0.9375, 0.96875, 1.0, 1.0, 1.0, 1.0, 1.0, 0.96875, 1.0, 1.0, 1.0, 1.0, 1.0, 1.0, 1.0, 1.0, 1.0, 1.0, 1.0, 1.0, 1.0, 1.0, 1.0, 1.0, 1.0, 1.0, 0.96875, 0.96875, 1.0, 1.0, 1.0, 1.0, 1.0, 1.0, 1.0, 1.0, 1.0, 1.0, 1.0, 1.0, 1.0, 0.96875, 1.0, 1.0, 1.0, 1.0, 1.0, 1.0, 1.0, 1.0, 1.0, 1.0, 1.0, 1.0, 1.0, 1.0, 1.0, 1.0, 1.0, 1.0, 1.0, 1.0, 1.0, 1.0, 1.0, 1.0, 1.0, 1.0, 1.0, 1.0, 1.0, 1.0, 1.0, 1.0, 1.0, 1.0, 1.0, 1.0, 1.0, 1.0, 1.0, 1.0, 1.0, 1.0, 1.0, 1.0, 1.0, 1.0, 1.0, 1.0, 1.0, 1.0, 1.0, 1.0, 1.0, 1.0, 1.0, 1.0, 1.0, 1.0, 1.0, 1.0, 1.0, 1.0, 1.0, 1.0, 1.0, 1.0, 1.0, 1.0, 1.0, 1.0, 1.0, 1.0, 1.0, 1.0, 1.0, 1.0, 1.0, 1.0, 1.0, 1.0, 1.0, 1.0, 1.0, 1.0, 1.0, 1.0, 1.0], "test_acc": [0.3194444477558136, 0.25, 0.3055555522441864, 0.3888888955116272, 0.347222238779068, 0.4166666567325592, 0.3333333432674408, 0.347222238779068, 0.3611111044883728, 0.375, 0.375, 0.375, 0.375, 0.3333333432674408, 0.3888888955116272, 0.3333333432674408, 0.3194444477558136, 0.2777777910232544, 0.2638888955116272, 0.347222238779068, 0.347222238779068, 0.347222238779068, 0.3194444477558136, 0.347222238779068, 0.347222238779068, 0.3194444477558136, 0.4166666567325592, 0.4027777910232544, 0.3611111044883728, 0.3055555522441864, 0.3194444477558136, 0.3194444477558136, 0.3611111044883728, 0.4027777910232544, 0.375, 0.3333333432674408, 0.3611111044883728, 0.375, 0.375, 0.375, 0.375, 0.375, 0.375, 0.3888888955116272, 0.3888888955116272, 0.4166666567325592, 0.3888888955116272, 0.375, 0.347222238779068, 0.3333333432674408, 0.3333333432674408, 0.3333333432674408, 0.3333333432674408, 0.347222238779068, 0.4166666567325592, 0.4166666567325592, 0.375, 0.4166666567325592, 0.4166666567325592, 0.4305555522441864, 0.4027777910232544, 0.4305555522441864, 0.4027777910232544, 0.4166666567325592, 0.4305555522441864, 0.4444444477558136, 0.4444444477558136, 0.4305555522441864, 0.4305555522441864, 0.4027777910232544, 0.375, 0.375, 0.375, 0.4027777910232544, 0.3611111044883728, 0.347222238779068, 0.3611111044883728, 0.3611111044883728, 0.347222238779068, 0.347222238779068, 0.375, 0.3611111044883728, 0.3611111044883728, 0.3611111044883728, 0.3611111044883728, 0.3611111044883728, 0.3611111044883728, 0.3611111044883728, 0.3611111044883728, 0.3333333432674408, 0.3333333432674408, 0.347222238779068, 0.3611111044883728, 0.3611111044883728, 0.3611111044883728, 0.3611111044883728, 0.3611111044883728, 0.3611111044883728, 0.3611111044883728, 0.3333333432674408, 0.347222238779068, 0.347222238779068, 0.3611111044883728, 0.375, 0.375, 0.375, 0.3611111044883728, 0.3611111044883728, 0.3611111044883728, 0.3611111044883728, 0.347222238779068, 0.347222238779068, 0.3611111044883728, 0.3611111044883728, 0.3611111044883728, 0.3611111044883728, 0.3611111044883728, 0.3611111044883728, 0.3611111044883728, 0.3611111044883728, 0.3611111044883728, 0.3611111044883728, 0.347222238779068, 0.3333333432674408, 0.3333333432674408, 0.3333333432674408, 0.3333333432674408, 0.3611111044883728, 0.3611111044883728, 0.375, 0.3888888955116272, 0.3888888955116272, 0.4027777910232544, 0.4027777910232544, 0.4027777910232544, 0.4027777910232544, 0.4027777910232544, 0.4027777910232544, 0.4027777910232544, 0.4027777910232544, 0.4027777910232544, 0.4027777910232544, 0.4027777910232544, 0.4027777910232544, 0.4027777910232544, 0.4027777910232544, 0.4027777910232544, 0.4027777910232544, 0.4027777910232544, 0.4027777910232544, 0.4027777910232544, 0.4027777910232544, 0.4027777910232544, 0.4027777910232544, 0.4027777910232544, 0.4027777910232544, 0.4027777910232544, 0.4027777910232544, 0.4027777910232544, 0.4027777910232544, 0.4027777910232544, 0.4166666567325592, 0.4166666567325592, 0.4166666567325592, 0.4166666567325592, 0.4166666567325592, 0.4166666567325592, 0.4166666567325592, 0.4166666567325592, 0.4166666567325592, 0.4166666567325592, 0.4166666567325592, 0.4166666567325592, 0.4166666567325592, 0.4166666567325592, 0.4166666567325592, 0.4166666567325592, 0.4166666567325592, 0.4166666567325592, 0.4166666567325592, 0.4166666567325592, 0.4166666567325592, 0.4166666567325592, 0.4166666567325592, 0.4166666567325592, 0.4166666567325592, 0.4166666567325592, 0.4166666567325592, 0.4166666567325592, 0.4166666567325592, 0.4166666567325592, 0.4166666567325592, 0.4166666567325592, 0.4166666567325592, 0.4166666567325592, 0.4166666567325592, 0.4166666567325592, 0.4166666567325592, 0.4166666567325592, 0.4166666567325592], "true": [1, 1, 0, 2, 2, 1, 3, 2, 1, 3, 3, 1, 2, 2, 2, 0, 3, 3, 1, 3, 3, 0, 1, 1, 2, 3, 0, 3, 3, 0, 2, 2, 3, 3, 3, 3, 1, 3, 0, 2, 2, 0, 3, 1, 2, 3, 1, 3, 3, 1, 3, 3, 3, 3, 0, 3, 3, 3, 1, 2, 1, 3, 3, 1, 3, 0, 0, 2, 2, 3, 0, 2], "predictions": [0, 3, 0, 2, 2, 3, 0, 1, 1, 1, 2, 2, 1, 2, 2, 0, 2, 0, 0, 2, 2, 0, 3, 1, 0, 0, 0, 1, 3, 0, 1, 0, 3, 2, 0, 2, 1, 2, 0, 3, 3, 3, 2, 1, 1, 3, 1, 2, 2, 3, 2, 1, 3, 2, 1, 3, 3, 2, 1, 1, 1, 3, 3, 3, 3, 0, 0, 1, 0, 3, 0, 1]}