{"train_loss": [13.748981475830078, 125.83627319335938, 285.949462890625, 147.03794860839844, 33.99761962890625, 74.84506225585938, 127.62918853759766, 95.19148254394531, 82.83043670654297, 109.6961669921875, 132.0978240966797, 67.37077331542969, 43.172340393066406, 42.9110107421875, 89.74122619628906, 17.31360626220703, 18.176706314086914, 38.68165969848633, 53.376129150390625, 14.141154289245605, 54.71642303466797, 49.86912155151367, 26.1747989654541, 29.872468948364258, 6.96225643157959, 6.446012020111084, 12.51144027709961, 2.5398507118225098, 29.05839729309082, 13.928828239440918, 27.060989379882812, 20.753692626953125, 27.472148895263672, 23.89947509765625, 2.9194352626800537, 2.8534817695617676, 4.150735855102539, 1.8549408912658691, 15.566352844238281, 52.15681838989258, 8.150713920593262, 21.03436279296875, 12.893155097961426, 3.737112045288086, 7.783698081970215, 0.0, 6.820028305053711, 0.0, 1.448959469795227, 0.0, 2.7658488750457764, 8.457773208618164, 3.521718740463257, 9.643672943115234, 3.2823896408081055, 4.145191192626953, 0.26692143082618713, 3.5619394779205322, 1.158602237701416, 0.0, 6.982328341109678e-05, 0.4958270192146301, 3.4590301513671875, 2.5935001373291016, 1.3279534578323364, 0.26689186692237854, 0.0, 0.000181863724719733, 0.0012248437851667404, 0.0, 0.1610511690378189, 0.0, 1.4036331176757812, 0.0, 0.06282690912485123, 0.0, 0.0, 0.0, 0.0, 0.0, 0.0, 0.0, 0.0, 0.8272180557250977, 0.0, 0.0, 0.0, 3.352759492258883e-08, 0.0, 0.0, 0.0, 7.352858119702432e-06, 0.0, 0.0, 0.0, 0.0, 3.9905895391711965e-05, 0.0, 0.0, 0.0, 0.004436583258211613, 0.0, 0.0, 0.0, 0.0, 0.0, 0.1349901407957077, 0.0, 0.0, 0.0, 0.0, 0.0, 0.0, 0.0, 0.0, 9.685739854603526e-08, 2.9750903195235878e-05, 0.0, 0.0, 0.0, 1.5310567960113985e-06, 0.0, 0.0, 0.0, 4.8428734800154416e-08, 0.0, 0.0, 0.03889006748795509, 0.0, 0.0, 0.00040267989970743656, 0.0, 0.0, 0.0, 0.0, 0.0, 0.0, 0.0, 0.0, 0.0, 0.0, 0.0, 0.0, 0.0, 0.0, 0.0, 0.0, 0.0, 0.0, 0.0, 0.0, 0.0, 0.0, 0.0, 0.0, 0.0, 0.0, 0.0, 0.0, 0.0, 0.0, 0.0, 0.0, 0.0, 0.0, 0.0, 0.0, 0.0, 0.0, 0.0, 0.0, 0.0, 0.0, 0.0, 0.0, 0.0, 0.0, 0.0, 0.0, 0.0, 0.0, 0.0, 0.0, 0.0, 0.0, 0.0, 0.0, 0.0, 0.0, 0.0, 0.0, 0.0, 0.0, 0.0, 0.0, 0.0, 0.0, 0.0, 0.0, 0.0], "train_acc": [0.40625, 0.4375, 0.28125, 0.3125, 0.34375, 0.375, 0.28125, 0.3125, 0.3125, 0.6666666865348816, 0.3125, 0.65625, 0.6875, 0.65625, 0.5, 0.75, 0.78125, 0.65625, 0.625, 0.6666666865348816, 0.59375, 0.59375, 0.71875, 0.65625, 0.90625, 0.84375, 0.84375, 0.9375, 0.78125, 0.6666666865348816, 0.84375, 0.75, 0.625, 0.75, 0.9375, 0.96875, 0.875, 0.9375, 0.84375, 0.6666666865348816, 0.75, 0.75, 0.75, 0.90625, 0.84375, 1.0, 0.9375, 1.0, 0.96875, 1.0, 0.9375, 0.84375, 0.96875, 0.84375, 0.84375, 0.9375, 0.96875, 0.90625, 0.96875, 1.0, 1.0, 0.9375, 0.875, 0.9375, 0.9375, 0.96875, 1.0, 1.0, 1.0, 1.0, 0.96875, 1.0, 0.96875, 1.0, 0.96875, 1.0, 1.0, 1.0, 1.0, 1.0, 1.0, 1.0, 1.0, 0.96875, 1.0, 1.0, 1.0, 1.0, 1.0, 1.0, 1.0, 1.0, 1.0, 1.0, 1.0, 1.0, 1.0, 1.0, 1.0, 1.0, 1.0, 1.0, 1.0, 1.0, 1.0, 1.0, 0.96875, 1.0, 1.0, 1.0, 1.0, 1.0, 1.0, 1.0, 1.0, 1.0, 1.0, 1.0, 1.0, 1.0, 1.0, 1.0, 1.0, 1.0, 1.0, 1.0, 1.0, 0.96875, 1.0, 1.0, 1.0, 1.0, 1.0, 1.0, 1.0, 1.0, 1.0, 1.0, 1.0, 1.0, 1.0, 1.0, 1.0, 1.0, 1.0, 1.0, 1.0, 1.0, 1.0, 1.0, 1.0, 1.0, 1.0, 1.0, 1.0, 1.0, 1.0, 1.0, 1.0, 1.0, 1.0, 1.0, 1.0, 1.0, 1.0, 1.0, 1.0, 1.0, 1.0, 1.0, 1.0, 1.0, 1.0, 1.0, 1.0, 1.0, 1.0, 1.0, 1.0, 1.0, 1.0, 1.0, 1.0, 1.0, 1.0, 1.0, 1.0, 1.0, 1.0, 1.0, 1.0, 1.0, 1.0, 1.0, 1.0, 1.0, 1.0, 1.0, 1.0, 1.0], "test_acc": [0.34246575832366943, 0.24657534062862396, 0.24657534062862396, 0.2876712381839752, 0.2876712381839752, 0.36986300349235535, 0.39726027846336365, 0.4383561611175537, 0.34246575832366943, 0.3287671208381653, 0.4794520437717438, 0.4794520437717438, 0.4383561611175537, 0.4109588861465454, 0.4109588861465454, 0.5068492889404297, 0.39726027846336365, 0.3561643958091736, 0.301369845867157, 0.301369845867157, 0.3287671208381653, 0.39726027846336365, 0.45205479860305786, 0.5068492889404297, 0.4931506812572479, 0.45205479860305786, 0.45205479860305786, 0.45205479860305786, 0.42465752363204956, 0.4383561611175537, 0.3835616409778595, 0.39726027846336365, 0.4109588861465454, 0.4383561611175537, 0.45205479860305786, 0.4931506812572479, 0.4931506812572479, 0.45205479860305786, 0.42465752363204956, 0.3835616409778595, 0.3561643958091736, 0.3561643958091736, 0.45205479860305786, 0.45205479860305786, 0.4931506812572479, 0.4931506812572479, 0.5205479264259338, 0.4931506812572479, 0.45205479860305786, 0.42465752363204956, 0.42465752363204956, 0.465753436088562, 0.4794520437717438, 0.4931506812572479, 0.5068492889404297, 0.5068492889404297, 0.5205479264259338, 0.534246563911438, 0.4931506812572479, 0.4931506812572479, 0.5205479264259338, 0.534246563911438, 0.534246563911438, 0.534246563911438, 0.5205479264259338, 0.4931506812572479, 0.4931506812572479, 0.5205479264259338, 0.534246563911438, 0.5479452013969421, 0.534246563911438, 0.534246563911438, 0.534246563911438, 0.5479452013969421, 0.5479452013969421, 0.5479452013969421, 0.5479452013969421, 0.5479452013969421, 0.5479452013969421, 0.5205479264259338, 0.5205479264259338, 0.5205479264259338, 0.534246563911438, 0.534246563911438, 0.534246563911438, 0.534246563911438, 0.534246563911438, 0.534246563911438, 0.534246563911438, 0.5479452013969421, 0.5479452013969421, 0.5479452013969421, 0.5479452013969421, 0.5479452013969421, 0.5479452013969421, 0.534246563911438, 0.534246563911438, 0.534246563911438, 0.534246563911438, 0.534246563911438, 0.534246563911438, 0.534246563911438, 0.534246563911438, 0.534246563911438, 0.534246563911438, 0.534246563911438, 0.534246563911438, 0.5479452013969421, 0.5479452013969421, 0.534246563911438, 0.534246563911438, 0.534246563911438, 0.534246563911438, 0.534246563911438, 0.534246563911438, 0.534246563911438, 0.534246563911438, 0.5205479264259338, 0.5205479264259338, 0.5205479264259338, 0.5205479264259338, 0.534246563911438, 0.534246563911438, 0.534246563911438, 0.534246563911438, 0.534246563911438, 0.534246563911438, 0.534246563911438, 0.534246563911438, 0.5205479264259338, 0.5205479264259338, 0.5205479264259338, 0.5205479264259338, 0.5205479264259338, 0.5205479264259338, 0.534246563911438, 0.5479452013969421, 0.5616438388824463, 0.5616438388824463, 0.5616438388824463, 0.5616438388824463, 0.5616438388824463, 0.5890411138534546, 0.5890411138534546, 0.5890411138534546, 0.5890411138534546, 0.5890411138534546, 0.5890411138534546, 0.5890411138534546, 0.5890411138534546, 0.5753424763679504, 0.5753424763679504, 0.5753424763679504, 0.5753424763679504, 0.5753424763679504, 0.5753424763679504, 0.5890411138534546, 0.5890411138534546, 0.5890411138534546, 0.5890411138534546, 0.5890411138534546, 0.5890411138534546, 0.5890411138534546, 0.5890411138534546, 0.5890411138534546, 0.5890411138534546, 0.5890411138534546, 0.5890411138534546, 0.5890411138534546, 0.5890411138534546, 0.5890411138534546, 0.5890411138534546, 0.5890411138534546, 0.5890411138534546, 0.5890411138534546, 0.5890411138534546, 0.5890411138534546, 0.5890411138534546, 0.5890411138534546, 0.5890411138534546, 0.5890411138534546, 0.5890411138534546, 0.5890411138534546, 0.5890411138534546, 0.5890411138534546, 0.5890411138534546, 0.5890411138534546, 0.5890411138534546, 0.5890411138534546, 0.5890411138534546, 0.5890411138534546, 0.5890411138534546, 0.5890411138534546, 0.5890411138534546, 0.5890411138534546, 0.5890411138534546, 0.5890411138534546, 0.5890411138534546, 0.5890411138534546, 0.5890411138534546], "true": [0, 1, 1, 2, 2, 2, 1, 0, 0, 1, 3, 3, 3, 3, 0, 3, 0, 0, 0, 0, 2, 2, 0, 3, 0, 1, 3, 1, 3, 3, 3, 1, 0, 2, 0, 1, 2, 1, 2, 2, 2, 3, 2, 1, 1, 1, 0, 3, 1, 1, 0, 3, 2, 3, 3, 0, 1, 2, 3, 1, 0, 1, 1, 0, 0, 3, 0, 1, 3, 2, 3, 3, 3], "predictions": [3, 1, 1, 3, 0, 2, 1, 3, 2, 1, 3, 2, 2, 2, 0, 3, 1, 1, 0, 0, 2, 2, 0, 3, 0, 2, 3, 0, 3, 2, 3, 2, 0, 2, 0, 0, 2, 0, 2, 0, 2, 3, 0, 1, 1, 0, 0, 3, 1, 2, 0, 2, 2, 3, 3, 0, 1, 1, 3, 1, 1, 0, 1, 3, 1, 3, 1, 1, 3, 1, 2, 3, 2]}