{"train_loss": [13.547395706176758, 188.6566925048828, 269.93145751953125, 140.0215301513672, 53.668697357177734, 81.27799224853516, 120.99984741210938, 73.84882354736328, 88.92033386230469, 61.41617202758789, 15.245728492736816, 15.503552436828613, 36.14737319946289, 36.73386764526367, 28.605846405029297, 23.75096893310547, 32.69179153442383, 15.118144035339355, 8.998367309570312, 16.647748947143555, 11.999202728271484, 20.280107498168945, 7.906251907348633, 8.835881233215332, 17.347009658813477, 7.813045024871826, 5.145370960235596, 12.643592834472656, 0.5969537496566772, 4.5673322677612305, 2.703404188156128, 2.1649866104125977, 4.763232231140137, 3.8405134677886963, 1.5119755268096924, 2.2351734685344127e-08, 2.4987311363220215, 1.4411847591400146, 0.28348568081855774, 0.0, 1.9613264799118042, 0.002932029776275158, 1.7276910543441772, 0.0, 0.7264556884765625, 4.852730751037598, 9.931034583132714e-06, 2.1574807167053223, 0.9993243217468262, 0.14828701317310333, 0.0, 0.31774067878723145, 3.0165798664093018, 0.31164050102233887, 0.38957110047340393, 0.0, 0.9364914894104004, 0.0, 0.09237153083086014, 2.896659862017259e-05, 0.49104270339012146, 0.13900884985923767, 1.2869281768798828, 0.24292686581611633, 0.0, 0.3528837263584137, 0.0, 0.0, 0.0, 0.0, 0.0, 0.0, 0.7295246124267578, 0.0, 0.0, 8.568155607235894e-08, 0.0028657063376158476, 0.0, 0.0, 0.0, 0.0006902316235937178, 2.3469240773010824e-07, 0.00030476885149255395, 0.0, 0.0, 0.0, 0.0, 0.0, 0.4381146728992462, 0.0, 4.0978164861371624e-08, 0.0, 0.0, 0.0, 0.0, 0.0, 0.0, 0.0, 0.0, 0.0, 0.0, 3.807014763879124e-06, 0.0, 0.0, 0.0, 0.0, 0.0, 0.0, 0.0, 0.0, 0.0, 0.0, 0.0, 0.0, 0.012991288676857948, 0.0, 0.0, 0.0, 0.0, 0.0, 0.0, 0.0, 0.0, 0.0, 0.0, 0.0, 0.0, 0.0, 0.0, 0.0, 0.0, 0.0, 0.0, 0.0, 0.0, 0.0, 0.0, 0.0, 0.0, 0.0, 0.0, 0.0, 0.0, 0.0, 0.0, 0.0, 0.0, 0.0, 0.0, 0.0, 0.0, 0.0, 0.0, 0.0, 0.0, 0.0, 0.0, 0.0, 0.0, 0.0, 0.0, 0.0, 0.0, 0.0, 0.0, 0.0, 0.0, 0.0, 0.0, 0.0, 0.0, 0.0, 0.0, 0.0, 0.0, 0.0, 0.0, 0.0, 0.0, 0.0, 0.0, 0.0, 0.0, 0.0, 0.0, 0.0, 0.0, 0.0, 0.0, 0.0, 0.0, 0.0, 0.0, 0.0, 0.0, 0.0, 0.0, 0.0, 0.0, 0.0], "train_acc": [0.25, 0.28125, 0.21875, 0.21875, 0.46875, 0.34375, 0.28125, 0.34375, 0.34375, 0.6666666865348816, 0.75, 0.6875, 0.59375, 0.65625, 0.6875, 0.71875, 0.46875, 0.6875, 0.875, 0.6666666865348816, 0.78125, 0.71875, 0.8125, 0.8125, 0.75, 0.8125, 0.875, 0.84375, 0.90625, 0.6666666865348816, 0.90625, 0.90625, 0.875, 0.9375, 0.9375, 1.0, 0.9375, 0.9375, 0.96875, 1.0, 0.96875, 1.0, 0.96875, 1.0, 0.9375, 0.875, 1.0, 0.96875, 0.96875, 1.0, 1.0, 0.96875, 0.9375, 0.96875, 0.9375, 1.0, 0.96875, 1.0, 0.96875, 1.0, 0.96875, 0.96875, 0.96875, 0.96875, 1.0, 0.96875, 1.0, 1.0, 1.0, 1.0, 1.0, 1.0, 0.96875, 1.0, 1.0, 1.0, 1.0, 1.0, 1.0, 1.0, 1.0, 1.0, 1.0, 1.0, 1.0, 1.0, 1.0, 1.0, 0.96875, 1.0, 1.0, 1.0, 1.0, 1.0, 1.0, 1.0, 1.0, 1.0, 1.0, 1.0, 1.0, 1.0, 1.0, 1.0, 1.0, 1.0, 1.0, 1.0, 1.0, 1.0, 1.0, 1.0, 1.0, 1.0, 1.0, 1.0, 1.0, 1.0, 1.0, 1.0, 1.0, 1.0, 1.0, 1.0, 1.0, 1.0, 1.0, 1.0, 1.0, 1.0, 1.0, 1.0, 1.0, 1.0, 1.0, 1.0, 1.0, 1.0, 1.0, 1.0, 1.0, 1.0, 1.0, 1.0, 1.0, 1.0, 1.0, 1.0, 1.0, 1.0, 1.0, 1.0, 1.0, 1.0, 1.0, 1.0, 1.0, 1.0, 1.0, 1.0, 1.0, 1.0, 1.0, 1.0, 1.0, 1.0, 1.0, 1.0, 1.0, 1.0, 1.0, 1.0, 1.0, 1.0, 1.0, 1.0, 1.0, 1.0, 1.0, 1.0, 1.0, 1.0, 1.0, 1.0, 1.0, 1.0, 1.0, 1.0, 1.0, 1.0, 1.0, 1.0, 1.0, 1.0, 1.0, 1.0, 1.0, 1.0, 1.0, 1.0], "test_acc": [0.232876718044281, 0.24657534062862396, 0.232876718044281, 0.3287671208381653, 0.45205479860305786, 0.45205479860305786, 0.3561643958091736, 0.34246575832366943, 0.3835616409778595, 0.4109588861465454, 0.3561643958091736, 0.31506848335266113, 0.36986300349235535, 0.3561643958091736, 0.36986300349235535, 0.4109588861465454, 0.465753436088562, 0.465753436088562, 0.45205479860305786, 0.4109588861465454, 0.42465752363204956, 0.3835616409778595, 0.3835616409778595, 0.3561643958091736, 0.36986300349235535, 0.4383561611175537, 0.5068492889404297, 0.4383561611175537, 0.4109588861465454, 0.45205479860305786, 0.534246563911438, 0.5479452013969421, 0.5068492889404297, 0.5205479264259338, 0.5479452013969421, 0.4794520437717438, 0.465753436088562, 0.465753436088562, 0.45205479860305786, 0.39726027846336365, 0.39726027846336365, 0.4109588861465454, 0.4109588861465454, 0.39726027846336365, 0.3835616409778595, 0.42465752363204956, 0.4383561611175537, 0.45205479860305786, 0.465753436088562, 0.5068492889404297, 0.5205479264259338, 0.5479452013969421, 0.5479452013969421, 0.534246563911438, 0.5205479264259338, 0.465753436088562, 0.465753436088562, 0.465753436088562, 0.45205479860305786, 0.45205479860305786, 0.45205479860305786, 0.45205479860305786, 0.465753436088562, 0.465753436088562, 0.45205479860305786, 0.4931506812572479, 0.4931506812572479, 0.5068492889404297, 0.465753436088562, 0.465753436088562, 0.45205479860305786, 0.45205479860305786, 0.4383561611175537, 0.4383561611175537, 0.45205479860305786, 0.45205479860305786, 0.45205479860305786, 0.465753436088562, 0.465753436088562, 0.465753436088562, 0.465753436088562, 0.465753436088562, 0.465753436088562, 0.465753436088562, 0.465753436088562, 0.465753436088562, 0.45205479860305786, 0.45205479860305786, 0.465753436088562, 0.4794520437717438, 0.4794520437717438, 0.4794520437717438, 0.4794520437717438, 0.4931506812572479, 0.4794520437717438, 0.4794520437717438, 0.465753436088562, 0.465753436088562, 0.465753436088562, 0.4794520437717438, 0.4794520437717438, 0.4794520437717438, 0.4794520437717438, 0.4794520437717438, 0.4794520437717438, 0.4794520437717438, 0.4931506812572479, 0.4931506812572479, 0.4931506812572479, 0.4931506812572479, 0.4931506812572479, 0.4931506812572479, 0.4931506812572479, 0.4794520437717438, 0.5068492889404297, 0.5068492889404297, 0.5068492889404297, 0.4931506812572479, 0.4931506812572479, 0.4931506812572479, 0.4931506812572479, 0.4931506812572479, 0.4931506812572479, 0.4931506812572479, 0.4931506812572479, 0.4931506812572479, 0.4931506812572479, 0.4931506812572479, 0.4931506812572479, 0.4931506812572479, 0.5068492889404297, 0.5068492889404297, 0.5068492889404297, 0.5068492889404297, 0.5068492889404297, 0.5068492889404297, 0.4931506812572479, 0.4931506812572479, 0.4931506812572479, 0.4931506812572479, 0.4931506812572479, 0.4931506812572479, 0.4931506812572479, 0.4931506812572479, 0.4931506812572479, 0.4931506812572479, 0.4931506812572479, 0.4931506812572479, 0.4931506812572479, 0.4931506812572479, 0.4931506812572479, 0.4931506812572479, 0.4931506812572479, 0.4931506812572479, 0.4931506812572479, 0.4931506812572479, 0.4931506812572479, 0.4931506812572479, 0.4931506812572479, 0.4931506812572479, 0.4931506812572479, 0.4931506812572479, 0.4931506812572479, 0.4931506812572479, 0.4931506812572479, 0.4931506812572479, 0.4931506812572479, 0.4931506812572479, 0.4931506812572479, 0.4931506812572479, 0.4931506812572479, 0.4931506812572479, 0.4931506812572479, 0.4931506812572479, 0.4931506812572479, 0.4931506812572479, 0.4931506812572479, 0.4931506812572479, 0.4931506812572479, 0.4931506812572479, 0.4931506812572479, 0.4931506812572479, 0.4931506812572479, 0.4931506812572479, 0.4931506812572479, 0.4931506812572479, 0.4931506812572479, 0.4931506812572479, 0.4931506812572479, 0.4931506812572479, 0.4931506812572479, 0.4931506812572479, 0.4931506812572479, 0.4931506812572479, 0.4931506812572479, 0.4931506812572479, 0.4931506812572479, 0.4931506812572479, 0.4931506812572479, 0.4931506812572479], "true": [0, 3, 1, 0, 2, 2, 2, 2, 3, 3, 2, 0, 3, 0, 3, 1, 2, 1, 0, 2, 1, 0, 2, 0, 2, 2, 0, 3, 2, 3, 2, 1, 0, 3, 2, 3, 1, 2, 1, 1, 1, 1, 3, 2, 2, 3, 0, 2, 2, 0, 0, 2, 1, 2, 3, 0, 3, 2, 1, 1, 1, 2, 3, 2, 1, 1, 1, 1, 0, 2, 2, 1, 1], "predictions": [0, 3, 0, 1, 3, 0, 1, 2, 3, 2, 1, 2, 2, 1, 2, 3, 3, 0, 0, 2, 0, 0, 1, 0, 1, 3, 0, 2, 3, 3, 2, 2, 0, 3, 3, 3, 0, 0, 1, 1, 1, 0, 3, 2, 2, 3, 1, 0, 3, 2, 0, 1, 1, 2, 2, 0, 3, 2, 1, 1, 1, 2, 3, 3, 2, 0, 0, 1, 3, 0, 2, 1, 1]}